{
  "bodyTypeName": "muscular",
  "url": "https://liberatedpixelcup.github.io/Universal-LPC-Spritesheet-Character-Generator/#?body=Body_color_zombie_green&head=Human_male_zombie_green&sex=muscular&hat=Maximus_iron&shoulders=Legion_steel&legs=Pants_red&weapon=none_Longsword",
  "spritesheets": "https://liberatedpixelcup.github.io/Universal-LPC-Spritesheet-Character-Generator/spritesheets/",
  "version": 1,
  "datetime": "4/4/2025, 8:48:36 AM",
  "credits": [
    {
      "fileName": "body/bodies/muscular/zombie_green.png",
      "licenses": "CC-BY-SA 3.0,GPL 3.0",
      "authors": "bluecarrot16,JaidynReiman,Evert,TheraHedwig,MuffinElZangano,Durrani,Sander Frenken (castelonia),Benjamin K. Smith (BenCreating),Eliza Wyatt (ElizaWy),dalonedrau,Stephen Challener (Redshrike)",
      "urls": "https://opengameart.org/content/liberated-pixel-cup-lpc-base-assets-sprites-map-tiles,https://opengameart.org/content/lpc-barbarian-sprite-base,https://opengameart.org/content/lpc-muscular-swing-animation,https://opengameart.org/content/lpc-muscular-hurt-animation,https://opengameart.org/content/lpc-jump-expanded,https://opengameart.org/content/lpc-revised-character-basics,https://opengameart.org/content/lpc-be-seated,https://opengameart.org/content/lpc-jump-expanded,https://opengameart.org/content/lpc-character-bases,https://opengameart.org/content/lpc-male-jumping-animation-by-durrani",
      "notes": "see details at https://opengameart.org/content/lpc-character-bases"
    },
    {
      "fileName": "head/heads/human/male/zombie_green.png",
      "licenses": "OGA-BY 3.0,CC-BY-SA 3.0,GPL 3.0",
      "authors": "bluecarrot16,Benjamin K. Smith (BenCreating),Stephen Challener (Redshrike)",
      "urls": "https://opengameart.org/content/liberated-pixel-cup-lpc-base-assets-sprites-map-tiles,https://opengameart.org/content/lpc-character-bases",
      "notes": "original head by Redshrike, tweaks by BenCreating, modular version by bluecarrot16"
    },
    {
      "fileName": "hat/helmet/maximus/adult/iron.png",
      "licenses": "CC-BY 3.0,CC-BY 4.0,OGA-BY 3.0,GPL 2.0,GPL 3.0",
      "authors": "bluecarrot16",
      "urls": "https://opengameart.org/content/lpc-helmets,https://opengameart.org/content/lpc-expanded-hats-facial-helmets",
      "notes": ""
    },
    {
      "fileName": "shoulders/legion/male/steel.png",
      "licenses": "OGA-BY 3.0,CC-BY-SA 3.0,GPL 2.0,GPL 3.0",
      "authors": "Nila122",
      "urls": "https://opengameart.org/content/lpc-roman-armor",
      "notes": ""
    },
    {
      "fileName": "legs/pants/male/red.png",
      "licenses": "OGA-BY 3.0,GPL 3.0,CC-BY-SA 3.0",
      "authors": "bluecarrot16,JaidynReiman,ElizaWy,Matthew Krohn (makrohn),Johannes Sjölund (wulax),Stephen Challener (Redshrike)",
      "urls": "https://opengameart.org/content/liberated-pixel-cup-lpc-base-assets-sprites-map-tiles,https://opengameart.org/content/lpc-medieval-fantasy-character-sprites,https://opengameart.org/content/lpc-expanded-pants",
      "notes": "original male pants by wulax, recolors and edits to v3 base by bluecarrot16, climb/jump/run/sit/emotes/revised combat by JaidynReiman based on ElizaWy's LPC Revised"
    }
  ],
  "layers": [
    {
      "fileName": "body/bodies/muscular/zombie_green.png",
      "zPos": 10,
      "parentName": "body",
      "name": "Body_color",
      "variant": "zombie_green",
      "supportedAnimations": "spellcast,thrust,walk,slash,shoot,hurt,watering,idle,jump,run,sit,emote,climb,combat,1h_slash,1h_backslash,1h_halfslash"
    },
    {
      "fileName": "legs/pants/male/red.png",
      "zPos": 20,
      "parentName": "legs",
      "name": "Pants",
      "variant": "red",
      "supportedAnimations": "spellcast,thrust,walk,slash,shoot,hurt,watering,idle,jump,run,sit,emote,climb,combat,1h_slash,1h_backslash,1h_halfslash"
    },
    {
      "fileName": "shoulders/legion/male/steel.png",
      "zPos": 60,
      "parentName": "shoulders",
      "name": "Legion",
      "variant": "steel",
      "supportedAnimations": "spellcast,thrust,walk,slash,shoot,hurt,watering"
    },
    {
      "fileName": "head/heads/human/male/zombie_green.png",
      "zPos": 100,
      "parentName": "head",
      "name": "Human_male",
      "variant": "zombie_green",
      "supportedAnimations": "spellcast,thrust,walk,slash,shoot,hurt,watering,idle,jump,run,sit,emote,climb,combat,1h_slash,1h_backslash,1h_halfslash"
    },
    {
      "fileName": "hat/helmet/maximus/adult/iron.png",
      "zPos": 130,
      "parentName": "hat",
      "name": "Maximus",
      "variant": "iron",
      "supportedAnimations": "spellcast,thrust,walk,slash,shoot,hurt,watering,idle,jump,run,sit,emote,climb,combat,1h_slash,1h_backslash,1h_halfslash"
    }
  ]
}